0,0,0,0,0,0
0,6.36772960724722e-06,5.09418368580277e-06,6.36772960724722e-06,0,0
0,5.02239573699508e-05,4.01791658959706e-05,5.02239573699508e-05,0,0
0,0.000167101378152033,0.000133681102521641,0.000167101378152033,0,0
0,0.000390436184844455,0.000312348947875584,0.000390436184844455,0,0
0,0.000751608880144809,0.000601287104115872,0.000751608880144809,0,0
0,0.0012799850883369,0.00102398807066955,0.0012799850883369,0,0
0,0.00200295636707033,0.0016023650936563,0.00200295636707033,0,0
0,0.0029459810191401,0.00235678481531212,0.0029459810191401,0,0
0,0.00413262490426617,0.00330609992341298,0.00413262490426617,0,0
0,0.00558460225087306,0.0044676818006985,0.00558460225087306,0,0
0,0.00732181646786947,0.00585745317429563,0.00732181646786947,0,0
0,0.00936240095642778,0.00748992076514229,0.00936240095642778,0,0
0,0.0117227599217638,0.00937820793741107,0.0117227599217638,0,0
0,0.014417609184916,0.0115340873479329,0.014417609184916,0,0
0,0.0174600169945257,0.0139680135956206,0.0174600169945257,0,0
0,0.020861444838616,0.0166891558708929,0.020861444838616,0,0
0,0.0246317882563718,0.0197054306050975,0.0246317882563718,0,0
0,0.0287794176499193,0.0230235341199355,0.0287794176499193,0,0
0,0.0333112190961053,0.0266489752768843,0.0333112190961053,0,0
0,0.0382326351582774,0.030586108126622,0.0382326351582774,0,0
0,0.043547705698063,0.0348381645584505,0.043547705698063,0,0
0,0.049259108687149,0.0394072869497193,0.049259108687149,0,0
0,0.0553682010190616,0.0442945608152494,0.0553682010190616,0,0
0,0.0618750593209459,0.0495000474567569,0.0618750593209459,0,0
0,0.0687785207653452,0.0550228166122763,0.0687785207653452,0,0
0,0.0760762238819808,0.0608609791055847,0.0760762238819808,0,0
0,0.0837646493695314,0.0670117194956253,0.0837646493695314,0,0
0,0.0918391609074131,0.0734713287259306,0.0918391609074131,0,0
0,0.100294045967558,0.0802352367740468,0.100294045967558,0,0
0,0.109122556626196,0.0872980453009572,0.109122556626196,0,0
0,0.118316950375632,0.0946535603005056,0.118316950375632,0,0
0,0.127868530936025,0.10229482474882,0.127868530936025,0,0
0,0.137767689067171,0.110214151253737,0.137767689067171,0,0
0,0.14800394338028,0.118403154704224,0.14800394338028,0,0
0,0.158565981149757,0.126852784919806,0.158565981149757,0,0
0,0.169441699124979,0.135553359299983,0.169441699124979,0,0
0,0.180618244342077,0.144494595473662,0.180618244342077,0,0
0,0.192082054935717,0.153665643948574,0.192082054935717,0,0
0,0.203818900950875,0.1630551207607,0.203818900950875,0,0
0,0.21581392515462,0.172651140123696,0.21581392515462,0,0
0,0.228051683847893,0.182441347078315,0.228051683847893,0,0
0,0.240516187677287,0.19241295014183,0.240516187677287,0,0
0,0.253190942446824,0.202552753957459,0.253190942446824,0,0
0,0.266058989929738,0.212847191943791,0.266058989929738,0,0
0,0.279102948680253,0.223282358944203,0.279102948680253,0,0
0,0.292305054845363,0.233844043876291,0.292305054845363,0,0
0,0.30564720297661,0.244517762381288,0.30564720297661,0,0
0,0.319110986841865,0.255288789473492,0.319110986841865,0,0
0,0.332677740237109,0.266142192189687,0.332677740237109,0,0
0,0.346328577798209,0.277062862238568,0.346328577798209,0,0
0,0.360044435812702,0.288035548650162,0.360044435812702,0,0
0,0.37380611303157,0.299044890425256,0.37380611303157,0,0
0,0.387594311481022,0.310075449184818,0.387594311481022,0,0
0,0.401389677274275,0.32111174181942,0.401389677274275,0,0
0,0.415172841423331,0.332138273138665,0.415172841423331,0,0
0,0.428924460650757,0.343139568520606,0.428924460650757,0,0
0,0.442625258201466,0.354100206561173,0.442625258201466,0,0
0,0.456256064654494,0.365004851723596,0.456256064654494,0,0
0,0.469797858734785,0.375838286987828,0.469797858734785,0,0
0,0.483231808124963,0.38658544649997,0.483231808124963,0,0
0,0.496539310277116,0.397231448221693,0.496539310277116,0,0
0,0.509702033224579,0.407761626579664,0.509702033224579,0,0
0,0.522701956393705,0.418161565114964,0.522701956393705,0,0
0,0.535521411415651,0.428417129132521,0.535521411415651,0,0
0,0.548143122938156,0.438514498350525,0.548143122938156,0,0
0,0.56055024943732,0.448440199549856,0.56055024943732,0,0
0,0.572726424029384,0.458181139223507,0.572726424029384,0,0
0,0.584655795282511,0.467724636226009,0.584655795282511,0,0
0,0.596323068028561,0.47705845442285,0.596323068028561,0,0
0,0.607713544174878,0.486170835339903,0.607713544174878,0,0
0,0.618813163516063,0.49505053081285,0.618813163516063,0,0
0,0.629608544545754,0.503686835636603,0.629608544545754,0,0
0,0.640087025268411,0.512069620214729,0.640087025268411,0,0
0,0.65023670401109,0.520189363208872,0.65023670401109,0,0
0,0.660046480235226,0.528037184188181,0.660046480235226,0,0
0,0.66950609534841,0.535604876278728,0.66950609534841,0,0
0,0.678606173516171,0.542884938812938,0.678606173516171,0,0
0,0.687338262473754,0.549870609979003,0.687338262473754,0,0
0,0.695694874337899,0.556555899470319,0.695694874337899,0,0
0,0.703669526418623,0.562935621134899,0.703669526418623,0,0
0,0.711256782030999,0.5690054256248,0.711256782030999,0,0
0,0.718452291306933,0.574761833045546,0.718452291306933,0,0
0,0.725252832006945,0.580202265605556,0.725252832006945,0,0
0,0.731656350331951,0.585325080265561,0.731656350331951,0,0
0,0.737662001735039,0.590129601388031,0.737662001735039,0,0
0,0.743270191733252,0.594616153386601,0.743270191733252,0,0
0,0.748482616719363,0.59878609337549,0.748482616719363,0,0
0,0.753302304773659,0.602641843818927,0.753302304773659,0,0
0,0.757733656475718,0.606186925180575,0.757733656475718,0,0
0,0.761782485716192,0.609425988572955,0.761782485716192,0,0
0,0.765456060508581,0.612364848406866,0.765456060508581,0,0
0,0.768763143801018,0.615010515040814,0.768763143801018,0,0
0,0.771714034288043,0.617371227430434,0.771714034288043,0,0
0,0.774320607222388,0.619456485777911,0.774320607222388,0,0
0,0.776596355226759,0.621277084181408,0.776596355226759,0,0
0,0.7785564291056,0.62284514328448,0.7785564291056,0,0
0,0.780217678656895,0.624174142925515,0.780217678656895,0,0
0,0.781598693483927,0.625278954787142,0.781598693483927,0,0
0,0.782719843807074,0.626175875045659,0.782719843807074,0,0
0,0.783603321275581,0.626882657020464,0.783603321275581,0,0
0,0.784273179779328,0.627418543823462,0.784273179779328,0,0
0,0.784755376260641,0.627804301008513,0.784755376260641,0,0
0,0.785077811526035,0.628062249220828,0.785077811526035,0,0
0,0.78527037105802,0.628216296846416,0.78527037105802,0,0
0,0.785364965826872,0.628291972661497,0.785364965826872,0,0
0,0.785395573102403,0.628316458481923,0.785395573102403,0,0
-1.974336322208e-08,0.785398158461607,0.628318486295394,0.785398188076652,0,0
-2.22892417711673e-06,0.785397606166404,0.628313515638559,0.785400949552669,0,0
-1.27534985033817e-05,0.785394975022822,0.628289835346328,0.785414105270579,0,0
-3.79533983754232e-05,0.785388675047854,0.628233135571605,0.785445605145418,0,0
-8.39657535615657e-05,0.785377171959058,0.628129607772443,0.785503120589402,0,0
-0.000156707469797457,0.785358986529999,0.627965938910912,0.785594047734696,0,0
-0.000261877807022415,0.785332693945693,0.627729305652157,0.785725510656229,0,0
-0.000404960957627321,0.785296923158041,0.627407368563293,0.785904364594484,0,0
-0.00059122862470129,0.785250356241273,0.626988266312378,0.786137199178325,0,0
-0.000825742600257084,0.785191727747384,0.626460609867371,0.786430341647773,0,0
-0.00111335734349044,0.785119824061576,0.625813476695106,0.78678986007681,0,0
-0.00145872255899615,0.785033482757699,0.625036404960216,0.787221566596194,0,0
-0.00186628577504278,0.784931591953688,0.624119387724114,0.787731020616251,0,0
-0.00234029492177434,0.784813089667005,0.623052867143961,0.788323532049666,0,0
-0.00288480090950383,0.784676963170072,0.621827728671577,0.789004164534324,0,0
-0.00350366020688542,0.784522248345727,0.620435295252463,0.789777738656055,0,0
-0.00420053741922821,0.784348029042641,0.618867321524696,0.790648835171483,0,0
-0.0049789078666761,0.784153436430779,0.617115988017938,0.791621798230795,0,0
-0.00584206016249578,0.783937648356824,0.615173895352353,0.792700738600565,0,0
-0.00679309879127343,0.78369988869963,0.613034058437596,0.793889536886541,0,0
-0.00783494668719942,0.783439426725648,0.610689900671752,0.795191846756448,0,0
-0.00897034781228445,0.783155576444377,0.608135248140313,0.796611098162807,0,0
-0.0102018697346097,0.782847695963796,0.605364323815091,0.798150500565712,0,0
-0.0115319062065471,0.782515186845812,0.602371741753225,0.799813046155634,0,0
-0.0129626797430329,0.78215749346169,0.599152501296127,0.801601513076239,0,0
-0.0144962441997959,0.781774102347499,0.595701981268419,0.803518468647194,0,0
-0.0161344873515873,0.781364541559551,0.592015934176893,0.805566272586933,0,0
-0.0178791334704188,0.780928380029844,0.588090480409525,0.807747080235469,0,0
-0.019731745903846,0.780465226921487,0.583922102434313,0.810062845777253,0,0
-0.0216937296531422,0.779974730984163,0.579507638998388,0.812515325463875,0,0
-0.0237663339516148,0.779456579909545,0.574844279326838,0.815106080836962,0,0
-0.0259506548427766,0.778910499686754,0.56992955732172,0.817836481950915,0,0
-0.0282476377586225,0.778336253957792,0.564761345761056,0.820707710595728,0,0
-0.03065808009788,0.777733643372979,0.559337850497732,0.823720763519799,0,0
-0.0331826338042349,0.777102504946389,0.553657604658438,0.826876455652739,0,0
-0.0358218079445485,0.776442711411311,0.547719462842725,0.830175423328132,0,0
-0.0385759712871492,0.775754170575661,0.541522595321871,0.833618127506385,0,0
-0.0414453548800529,0.775036824677436,0.535066482237848,0.837204856997515,0,0
-0.0444300546291791,0.774290649740154,0.52835090780231,0.840935731683923,0,0
-0.0475300338766109,0.773515654928295,0.521375954495583,0.844810705743213,0,0
-0.0507451259788627,0.772711881902733,0.514141997265523,0.848829570871027,0,0
-0.0540750368850726,0.77187940417618,0.506649697726553,0.852991959503785,0,0
-0.0575193477152731,0.77101832646863,0.498899998358603,0.857297348041535,0,0
-0.0610775173386358,0.770128784062789,0.490894116706021,0.86174506007075,0,0
-0.0647488849516875,0.769210942159526,0.482633539576665,0.866334269587066,0,0
-0.0685326726565756,0.768264995233303,0.474120017240669,0.871064004218169,0,0
-0.0724279880393013,0.767291166387623,0.46535555762953,0.875933148446574,0,0
-0.0764338267479572,0.766289706710458,0.456342420535048,0.880940446832404,0,0
-0.0805490750709668,0.765260894629706,0.447083111808281,0.886084507236159,0,0
-0.0847725125153358,0.764205035268613,0.43758037755847,0.891363804041617,0,0
-0.0891028143848871,0.763122459801227,0.427837198351985,0.896776681378553,0,0
-0.0935385543584832,0.762013524807827,0.417856783411379,0.902321356345554,0,0
-0.0980782070683262,0.760878611630367,0.407642564814243,0.907995922232845,0,0
-0.102720150678105,0.759718125727922,0.39719819169224,0.913798351745081,0,0
-0.107462669461334,0.758532496032115,0.386527524429974,0.919726500224111,0,0
-0.112303956379539,0.757322174302564,0.375634628863988,0.925778108871869,0,0
-0.117242115660491,0.756087634482325,0.364523770481856,0.931950807973056,0,0
-0.122275165376487,0.754829372053327,0.353199408620855,0.93824212011806,0,0
-0.127401040022565,0.753547903391808,0.341666190667198,0.94464946342565,0,0
-0.132617593094745,0.752243765123763,0.329928946254805,0.95117015476587,0,0
-0.137922599668253,0.750917513480386,0.317992681464396,0.957801412982761,0,0
-0.143313758975844,0.749569723653488,0.305862573022326,0.964540362117251,0,0
-0.148788696985926,0.748200989150968,0.293543962499632,0.971384034629857,0,0
-0.154344968980877,0.74681192115223,0.281042350510988,0.978329374623538,0,0
-0.159980062135276,0.74540314786363,0.268363390913598,0.985373241066551,0,0
-0.165691398094127,0.743975313873917,0.255512885006179,0.992512411015108,0,0
-0.171476335551106,0.742529079509673,0.242496775727978,0.99974358283633,0,0
-0.1773321728268,0.741065120190749,0.229321141857668,1.00706337943095,0,0
-0.18325615044698,0.739584125785702,0.215992192212259,1.01446835145618,0,0
-0.189245453720786,0.738086799967253,0.202516259846215,1.02195498054843,0,0
-0.195297215318988,0.736573859567702,0.188899796250233,1.02951968254618,0,0
-0.201408517852277,0.73504603393438,0.175149365550347,1.03715881071279,0,0
-0.207576396449438,0.73350406428509,0.161271638706731,1.04486865895924,0,0
-0.213797841335619,0.731948703063545,0.147273387712831,1.05264546506696,0,0
-0.220069800410555,0.73038071329481,0.133161479794216,1.06048541391064,0,0
-0.22638918182686,0.728800867940732,0.118942871607521,1.06838464068103,0,0
-0.232752856568224,0.727209949255391,0.104624603439454,1.07633923410773,0,0
-0.239157661027656,0.725608748140535,0.0902137934057379,1.08434523968202,0,0
-0.245600399585719,0.723998063501018,0.0757176316500807,1.09239866287961,0,0
-0.252077847188806,0.722378701600248,0.0611433745431604,1.10049547238345,0,0
-0.258586751927347,0.720751475415612,0.0464983388814506,1.10863160330663,0,0
-0.265123837614062,0.719117203993934,0.0317898960863268,1.11680296041502,0,0
-0.27168580636222,0.717476711806894,0.0170254664029716,1.12500542135023,0,0
-0.278269341163861,0.715830828106484,0.00221251309929471,1.13323483985226,0,0
-0.284871108468002,0.714180386280447,-0.0126414633350418,1.14148704898246,0,0
-0.291487760758956,0.712526223207708,-0.0275289309896944,1.14975786434614,0,0
-0.298115939134525,0.710869178613818,-0.0424423323347245,1.15804308731561,0,0
-0.304752275884226,0.709210094426391,-0.0573740900215434,1.16633850825272,0,0
-0.311393397067576,0.707549814130553,-0.0723166126840979,1.17463990973193,0,0
-0.318035925092318,0.705889182124368,-0.0872623007397468,1.18294306976284,0,0
-0.324676481292631,0.70422904307429,-0.102203552190467,1.19124376501323,0,0
-0.331311688507405,0.702570241270598,-0.117132768423676,1.1995377740317,0,0
-0.337938173658493,0.700913619982826,-0.132042360013621,1.20782088047055,0,0
-0.344552570328871,0.69926002081523,-0.146924752522002,1.21608887630855,0,0
-0.351151521341023,0.697610283062192,-0.161772392299326,1.22433756507372,0,0
-0.357731681335057,0.695965243063685,-0.176577752285915,1.23256276506626,0,0
-0.364289719346951,0.69432573356071,-0.191333337812665,1.24076031258114,0,0
-0.370822321386925,0.692692583050716,-0.206031692402615,1.2489260651311,0,0
-0.377326193017495,0.691066615143074,-0.220665403571406,1.2570559046693,0,0
-0.383798061931857,0.689448647914483,-0.235227108628713,1.26514574081226,0,0
-0.390234680532059,0.687839493264433,-0.249709500479184,1.27319151406252,0,0
-0.396632828507267,0.686239956270631,-0.264105333423384,1.28118919903154,0,0
-0.402989315412029,0.68465083454444,-0.27840742895911,1.28913480766249,0,0
-0.40930098324443,0.683072917586342,-0.292608681582003,1.297024392453,0,0
-0.415564709024437,0.68150698614134,-0.306702064586997,1.30485404967799,0,0
-0.421777407372065,0.679953811554431,-0.320680635869195,1.31261992261253,0,0
-0.427936033085672,0.678414155126029,-0.334537543724828,1.32031820475455,0,0
-0.434037583720185,0.676888767467401,-0.348266032652422,1.32794514304768,0,0
-0.440079102165264,0.675378387856131,-0.361859449153897,1.33549704110404,0,0
-0.446057679223689,0.673883743591525,-0.375311247535318,1.34297026242706,0,0
-0.451970456189491,0.672405549350075,-0.388614995708362,1.35036123363431,0,0
-0.457814627426199,0.670944506540899,-0.40176438099094,1.35766644768019,0,0
-0.463587442945125,0.669501302661166,-0.414753215908558,1.36488246707884,0,0
-0.469286210983618,0.668076610651543,-0.427575443995213,1.37200592712697,0,0
-0.474908300583246,0.666671088251636,-0.440225145594347,1.37903353912649,0,0
-0.480451144168034,0.665285377355439,-0.452696543660124,1.3859620936075,0,0
-0.485912240122815,0.663920103366744,-0.464984009558375,1.39278846355096,0,0
-0.491289155371298,0.662575874554623,-0.477082068867453,1.39950960761157,0,0
-0.496579527954498,0.661253281408823,-0.48898540717963,1.40612257334054,0,0
-0.501781069608766,0.659952895995256,-0.500688875901773,1.41262450040842,0,0
-0.50689156834429,0.658675271311375,-0.512187498056676,1.41901262382779,0,0
-0.511908891023026,0.657420940641691,-0.523476474083861,1.42528427717624,0,0
-0.516830985937293,0.656190416913124,-0.534551187640972,1.43143689581907,0,0
-0.521655885387663,0.654984192050532,-0.545407211404278,1.43746802013203,0,0
-0.526381708261471,0.653802736332081,-0.556040312870348,1.44337529872427,0,0
-0.531006662610855,0.652646497744735,-0.566446460156484,1.44915649166103,0,0
-0.535529048231227,0.651515901339641,-0.576621827802313,1.45480947368648,0,0
-0.539947259239225,0.650411348587641,-0.586562802570313,1.46033223744647,0,0
-0.544259786651223,0.649333216734642,-0.596265989247293,1.46572289671149,0,0
-0.548465220961411,0.648281858157095,-0.6057282164452,1.47097968959921,0,0
-0.552562254720101,0.647257599717422,-0.614946542402251,1.47610098179758,0,0
-0.556549685111936,0.646260742119463,-0.623918260783881,1.48108526978737,0,0
-0.560426416534138,0.645291559263913,-0.63264090648385,1.48593118406511,0,0
-0.564191463174758,0.64435029760376,-0.641112261425242,1.49063749236588,0,0
-0.567843951590955,0.643437175499709,-0.649330360361731,1.49520310288615,0,0
-0.571383123287209,0.642552382575645,-0.657293496678214,1.49962706750643,0,0
-0.57480833729343,0.641696079074092,-0.665000228192234,1.50390858501421,0,0
-0.57811907274337,0.640868395211607,-0.672449382954611,1.50804700432665,0,0
-0.581314931452958,0.640069430534208,-0.67964006505116,1.51204182771361,0,0
-0.584395640498208,0.639299253272895,-0.68657166040299,1.5158927140202,0,0
-0.587361054793746,0.638557899699013,-0.693243842567952,1.51959948188964,0,0
-0.590211159670911,0.637845373479721,-0.699656578541571,1.5231621129861,0,0
-0.592946073456087,0.637161645033427,-0.70581013455822,1.52658075521756,0,0
-0.595566050048866,0.636506650885231,-0.711705081891935,1.52985572595851,0,0
-0.598071481500256,0.635880293022383,-0.717342302657663,1.53298751527277,0,0
-0.600462900591147,0.635282438249661,-0.722722995612102,1.53597678913638,0,0
-0.602740983410236,0.63471291754489,-0.727848681955052,1.53882439266023,0,0
-0.60490655193248,0.634171525414331,-0.732721211130126,1.54153135331303,0,0
-0.606960576597302,0.633658019248124,-0.737342766625957,1.54409888414407,0,0
-0.608904178886775,0.633172118675759,-0.741715871777302,1.54652838700591,0,0
-0.610738633903917,0.63271350492147,-0.745843395565785,1.54882145577734,0,0
-0.612465372950911,0.632281820159721,-0.749728558421552,1.55097987958607,0,0
-0.614085986107323,0.631876666870618,-0.75337493802347,1.55300564603156,0,0
-0.615602224808391,0.631497607195348,-0.756786475100945,1.55490094440794,0,0
-0.617016004423277,0.63114416229163,-0.75996747923439,1.55666816892651,0,0
-0.618329406833155,0.630815811689157,-0.762922634656697,1.55830992193889,0,0
-0.619544683009781,0.630511992645004,-0.765657006054042,1.55982901715966,0,0
-0.620664255593287,0.630232099499128,-0.768176044366896,1.56122848288906,0,0
-0.621690721470813,0.629975483029742,-0.770485592591413,1.56251156523598,0,0
-0.622626854354596,0.6297414498088,-0.772591891579822,1.56368173134067,0,0
-0.623475607360003,0.629529261557445,-0.774501585842074,1.56474267259746,0,0
-0.624240115584353,0.629338134501357,-0.776221729346801,1.56569830787786,0,0
-0.624923698684469,0.629167238726332,-0.777759791322012,1.56655278675301,0,0
-0.625529863455327,0.629015697533617,-0.779123662056477,1.56731049271659,0,0
-0.626062306408169,0.628882586795403,-0.78032165870043,1.56797604640766,0,0
-0.626524916348938,0.628766934310218,-0.78136253106716,1.56855430883359,0,0
-0.626921776956202,0.628667719158399,-0.782255467433473,1.56905038459269,0,0
-0.627257169359559,0.628583871057563,-0.783010100340917,1.56946962509682,0,0
-0.627535574717911,0.628514269717972,-0.783636512397408,1.56981763179483,0,0
-0.627761676797768,0.628457744198011,-0.784145242076917,1.57010025939461,0,0
-0.627940364551101,0.628413072259674,-0.784547289522067,1.57032361908632,0,0
-0.62807673469424,0.628378979723886,-0.784854122344129,1.57049408176525,0,0
-0.628176094285458,0.628354139826081,-0.785077681424369,1.57061828125426,0,0
-0.628243963303611,0.628337172571543,-0.785230386715185,1.57070311752694,0,0
-0.628286077226299,0.628326644090874,-0.785325143041163,1.57075575993029,0,0
-0.628308389608009,0.628321065995447,-0.785375345900007,1.57078365040742,0,0
-0.628317074658369,0.628318894732853,-0.785394887263351,1.57079450672039,0,0
-0.628318529820632,0.628318530942291,-0.785398161378438,1.57079632567321,0,0
-0.62832010701095,0.628317479855873,-0.785395974101661,1.57079369964026,0,0
-0.628333040825154,0.628308857313165,-0.785378010470922,1.57077214328285,0,0
-0.628369449897377,0.62828458459817,-0.785327442314383,1.57071146149613,0,0
-0.628440997927953,0.628236885911093,-0.785228070049669,1.57059221477812,0,0
-0.628558898568556,0.628158285484176,-0.785064319160199,1.57039571371061,0,0
-0.628733921101187,0.628041603795808,-0.784821232309724,1.5701040094898,0,0
-0.628976396122937,0.62787995378109,-0.78448446144597,1.56969988445377,0,0
-0.629296221227804,0.627666737044578,-0.784040259911308,1.56916684261193,0,0
-0.629702866689613,0.627395640070134,-0.78347547454797,1.56848910017584,0,0
-0.630205381141948,0.627060630435125,-0.782777537808329,1.56765157608817,0,0
-0.630812397264492,0.626655953020261,-0.781934459860253,1.56663988255121,0,0
-0.631532137462287,0.626176126221566,-0.780934820696672,1.56544031555404,0,0
-0.632372419550165,0.625615938163193,-0.779767762241562,1.56403984540796,0,0
-0.633340662432801,0.624970442908051,-0.778422980460391,1.56242610727023,0,0
-0.63444389178953,0.62423495667008,-0.776890717463971,1.56058739167543,0,0
-0.635688745757477,0.623405054024786,-0.775161753619784,1.55851263506236,0,0
-0.637081480609282,0.622476564123801,-0.773227399659561,1.55619141030962,0,0
-0.638627976440176,0.621445566903063,-0.77107948878276,1.5536139172581,0,0
-0.640333742849037,0.620308389297136,-0.768710368770456,1.55077097324281,0,0
-0.642203924621086,0.619061601449189,-0.766112894087769,1.54765400362345,0,0
-0.644243307408033,0.617702012924596,-0.763280417994451,1.5442550323119,0,0
-0.646456323413673,0.616226668921087,-0.760206784653462,1.54056667230256,0,0
-0.648847057075159,0.614632846479665,-0.756886321234873,1.53658211620001,0,0
-0.651419250744055,0.612918050700301,-0.753313830027679,1.53229512675105,0,0
-0.654176310370616,0.611080010949181,-0.749484580545811,1.5277000273735,0,0
-0.657121311187041,0.609116677072024,-0.745394301635002,1.52279169268036,0,0
-0.660257003384714,0.60702621560668,-0.74103917358147,1.51756553901703,0,0
-0.663585817803067,0.604807005994317,-0.736415820223044,1.51201751498661,0,0
-0.667109871609341,0.602457636790248,-0.731521301047877,1.5061440919763,0,0
-0.670830973978696,0.59997690187717,-0.726353103312647,1.49994225469374,0,0
-0.674750631781592,0.597363796675495,-0.720909134142317,1.49340949168894,0,0
-0.678870055260944,0.594617514356202,-0.715187712643655,1.48654378589075,0,0
-0.683190163718393,0.591737442051155,-0.709187562008026,1.47934360512812,0,0
-0.687711591195551,0.588723157066198,-0.70290780162253,1.47180789266628,0,0
-0.692434692154904,0.585574423093334,-0.696347939179333,1.46393605773346,0,0
-0.697359547165519,0.582291186419397,-0.689507862775116,1.45572796604847,0,0
-0.70248596858292,0.578873572141219,-0.68238783302948,1.44718393035424,0,0
-0.707813506229314,0.575321880377089,-0.674988475186865,1.43830470094269,0,0
-0.713341453083984,0.571636582473829,-0.667310771222276,1.42909145618535,0,0
-0.719068850955892,0.567818317225971,-0.659356051955371,1.4195457930648,0,0
-0.724994496173707,0.563867887080804,-0.651125989153087,1.409669717702,0,0
-0.73111694526321,0.559786254354321,-0.642622587639266,1.39946563588637,0,0
-0.737434520634878,0.555574537440137,-0.633848177401632,1.38893634360107,0,0
-0.743945316258419,0.551234007024362,-0.62480540570246,1.37808501756086,0,0
-0.750647203354276,0.54676608229353,-0.615497229179681,1.36691520573373,0,0
-0.757537836070014,0.542172327150126,-0.60592690596394,1.3554308178754,0,0
-0.764614657164344,0.537454446420028,-0.59609798777683,1.34363611605073,0,0
-0.771874903690815,0.532614282069474,-0.586014312045847,1.33153570517379,0,0
-0.779315612677692,0.527653809411589,-0.575679994009022,1.31913452352984,0,0
-0.786933626811617,0.522575133321965,-0.56509941882257,1.30643783330527,0,0
-0.794725600123229,0.517380484447813,-0.554277233667619,1.2934512111201,0,0
-0.802688003662865,0.512072215421483,-0.543218339862278,1.28018053855453,0,0
-0.810817131188088,0.506652797071069,-0.531927884966194,1.2666319926779,0,0
-0.819109104846206,0.501124814632533,-0.520411254885403,1.2528120365817,0,0
-0.827559880852419,0.495490963961856,-0.508674065988771,1.2387274099047,0,0
-0.836165255176752,0.489754047745492,-0.496722157204374,1.22438511936309,0,0
-0.844920869225547,0.483916971712944,-0.484561582137133,1.20979242928263,0,0
-0.853822215521774,0.477982740849171,-0.472198601170078,1.19495685212263,0,0
-0.862864643387184,0.471954455605129,-0.459639673578295,1.17988613901355,0,0
-0.872043364630883,0.465835308109149,-0.446891449629618,1.16458827027378,0,0
-0.881353459221884,0.459628578381967,-0.433960762696813,1.14907144595509,0,0
-0.890789880982197,0.453337630541654,-0.420854621363162,1.1333440763546,0,0
-0.900347463259919,0.446965909023447,-0.407580201533904,1.11741477255811,0,0
-0.91002092461531,0.440516934786103,-0.394144838539546,1.10129233696568,0,0
-0.919804874507662,0.433994301524848,-0.38055601924458,1.08498575381276,0,0
-0.929693818969838,0.427401671883302,-0.366821374158576,1.06850417970765,0,0
-0.939682166295228,0.420742773666234,-0.352948669539217,1.05185693416729,0,0
-0.949764232721293,0.41402139604898,-0.338945799503392,1.03505349012249,0,0
-0.959934248106947,0.407241385791878,-0.324820778134267,1.01810346447996,0,0
-0.970186361620961,0.400406643449372,-0.310581731586865,1.00101660862401,0,0
-0.980514647420421,0.393521119582857,-0.296236890199282,0.983802798958266,0,0
-0.990913110333111,0.386588810974217,-0.281794580597875,0.966472027435884,0,0
-1.00137569154339,0.37961375683409,-0.267263217805464,0.949034392084855,0,0
-1.01189627427209,0.372600035014699,-0.252651297348848,0.931500087537529,0,0
-1.02246868945656,0.365551758225479,-0.237967387370929,0.913879395563583,0,0
-1.03308672143839,0.358473070237267,-0.223220120729252,0.896182675594105,0,0
-1.04374411364211,0.351368142101933,-0.208418187113693,0.878420355255628,0,0
-1.05443457425883,0.34424116835703,-0.19357032514597,0.860602920892973,0,0
-1.06515178192842,0.337096363244484,-0.17868531449426,0.842740908111466,0,0
-1.07588939142209,0.329937956915359,-0.163771967974355,0.82484489228932,0,0
-1.08664103932415,0.322770191647209,-0.148839123665709,0.806925479117808,0,0
-1.09740034971679,0.315597318051886,-0.133895637010085,0.788993295131036,0,0
-1.10816093985932,0.308423591290449,-0.118950372923166,0.771058978227074,0,0
-1.11891642587108,0.301253267282448,-0.104012197906172,0.753133168207796,0,0
-1.12966042841634,0.29409059891907,-0.0890899721493383,0.735226497298186,0,0
-1.14038657838523,0.28693983227285,-0.0741925416369327,0.717349580681912,0,0
-1.15108852257481,0.279805202813549,-0.0593287302613135,0.699513007033488,0,0
-1.16175992937434,0.272690931613425,-0.0445073319289122,0.681727329034288,0,0
-1.17239449444526,0.265601221566101,-0.0297371026645123,0.664003053915849,0,0
-1.18298594640362,0.258540253593793,-0.015026752721667,0.646350633985207,0,0
-1.19352805250617,0.251512182858903,-0.000384938691354364,0.628780457147741,0,0
-1.2040146243267,0.244521134979152,0.0141797443922655,0.61130283744933,0,0
-1.21443952344265,0.237571202234818,0.0286587709427408,0.593928005588282,0,0
-1.22479666711939,0.230666439783562,0.0430436927164237,0.576666099459658,0,0
-1.23508003398672,0.22381086187201,0.0573261466976192,0.559527154681177,0,0
-1.24528366972476,0.217008438046577,0.0714978630005589,0.542521095117081,0,0
-1.25540169274689,0.210263089365242,0.0855506727547208,0.525657723413588,0,0
-1.26542829988307,0.203578684607749,0.0994765159988447,0.508946711519911,0,0
-1.27535777205594,0.196959036492672,0.113267449572049,0.492397591232589,0,0
-1.28518447997317,0.19040789788113,0.126915655012567,0.476019744704558,0,0
-1.29490288980065,0.183928957996613,0.140413446440675,0.45982239499142,0,0
-1.30450756885045,0.177525838629379,0.153753278453905,0.443814596574157,0,0
-1.31399319126143,0.171202090355393,0.166927754024982,0.428005225889137,0,0
-1.32335454368314,0.16496118874079,0.17992963238737,0.412402971853567,0,0
-1.33258653095379,0.158806530560582,0.192751836930938,0.397016326402422,0,0
-1.34168418178831,0.152741430004312,0.205387463089437,0.381853575011178,0,0
-1.35064265445925,0.146769114890787,0.217829786243101,0.366922787226713,0,0
-1.35945724247398,0.140892722880665,0.230072269597372,0.352231807202202,0,0
-1.36812338026675,0.135115297685616,0.242108572087886,0.337788244213698,0,0
-1.37663664887151,0.129439785281932,0.253932556261475,0.323599463206392,0,0
-1.38499278161197,0.123869030121682,0.265538296177283,0.309672575306763,0,0
-1.39318766977618,0.118405771345977,0.276920085296069,0.296014428365652,0,0
-1.40121736830872,0.113052638990553,0.288072444368709,0.282631597477462,0,0
-1.40907810148428,0.107812150206712,0.298990129333333,0.269530375519025,0,0
-1.41676626859453,0.102686705467079,0.309668139208952,0.256716763668919,0,0
-1.42427844962947,0.0976785847768724,0.320101723981111,0.244196461942579,0,0
-1.43161141095982,0.0927899438898976,0.330286392495282,0.231974859724573,0,0
-1.43876211102111,0.088022810515497,0.340217920358782,0.220057026290078,0,0
-1.4457277059937,0.0833790805342005,0.349892357820067,0.208447701335331,0,0
-1.45250555548535,0.078860514206383,0.359306037668944,0.197151285517407,0,0
-1.45909322821365,0.0744687323875723,0.368455583124387,0.186171830970466,0,0
-1.4654885076925,0.0702052127349475,0.377337915734529,0.175513031837909,0,0
-1.47168939791004,0.0660712859233854,0.385950263257769,0.165178214809657,0,0
-1.47769412900902,0.0620681318577567,0.394290167562986,0.155170329643511,0,0
-1.48350116297604,0.0581967758790825,0.402355492517017,0.145491939698104,0,0
-1.48910919932041,0.0544580849827412,0.410144431884305,0.136145212458018,0,0
-1.49451718075443,0.0508527640271268,0.4176555172088,0.127131910069124,0,0
-1.49972429888021,0.0473813519432724,0.42488762571702,0.118453379859375,0,0
-1.50472999986732,0.0440442179517504,0.431839988200636,0.110110544880285,0,0
-1.5095339901402,0.0408415577692836,0.438512196912484,0.102103894424317,0,0
-1.51413624205759,0.0377733898251336,0.444904213463133,0.0944334745627202,0,0
-1.51853699959281,0.0348395514679964,0.451016376706889,0.0870988786709859,0,0
-1.52273678402366,0.0320396951805719,0.456849410640643,0.080099237951913,0,0
-1.5267363996071,0.0293732847918022,0.462404432283051,0.073433211980273,0,0
-1.5305369392629,0.0268395916879172,0.46768295958293,0.0670989792203045,0,0
-1.53413979026141,0.0244376910221717,0.472686919301623,0.0610942275557136,0,0
-1.53754663990003,0.0221664579293588,0.47741865491264,0.0554161448244486,0,0
-1.54075948118964,0.0200245637366834,0.481880934480273,0.0500614093432432,0,0
-1.54378061853356,0.0180104721738417,0.486076958569924,0.0450261804355705,0,0
-1.54661267341271,0.0161224355880449,0.490010368122967,0.0403060889714197,0,0
-1.54925859006698,0.0143584911519383,0.493685252365594,0.0358962278794479,0,0
-1.55172164117835,0.0127164570783975,0.497106156685959,0.0317911426966475,0,0
-1.55400543355131,0.011193928829357,0.500278090537336,0.0279848220743588,0,0
-1.55611391379603,0.00978827533259619,0.503206535322647,0.0244706883324852,0,0
-1.5580513740158,0.00849663518579291,0.505897452294789,0.0212415879655055,0,0
-1.55982245748021,0.00731591287637912,0.508357290440472,0.018289782191232,0,0
-1.56143216431462,0.00624277498633319,0.510592994376907,0.0156069374666004,0,0
-1.56288585718028,0.00527364640964834,0.512612012245654,0.0131841160255135,0,0
-1.5641892669579,0.004404706557807,0.514422303603396,0.0110117663950859,0,0
-1.5653484984266,0.00363188557912508,0.516032347308283,0.0090797139496317,0,0
-1.56637003594994,0.00295086056343052,0.517451149425142,0.00737715140962791,0,0
-1.5672607491573,0.00235705175867906,0.518688251102276,0.00589262939843138,0,0
-1.56802789862536,0.00184561877921396,0.51975373647474,0.00461404694851808,0,0
-1.56867914156715,0.00141145681919852,0.520658240560124,0.00352864204819525,0,0
-1.5692225374969,0.00104919286479799,0.521412957129542,0.00262298216307499,0,0
-1.56966655393626,0.000753181905338351,0.522029646629562,0.00188295476345957,0,0
-1.57002007207905,0.000517503144124021,0.522520644048427,0.00129375786127639,0,0
-1.5702923924764,0.000335956212438759,0.522898866822061,0.000839890532233767,0,0
-1.57049324072864,0.000202057377919118,0.523177822729167,0.000505143444343048,0,0
-1.57063277315626,0.000109035759237486,0.52337161776768,0.000272589397127376,0,0
-1.5707215824915,4.98295355555456e-05,0.523494964065549,0.000124573841048914,0,0
-1.57077070355388,1.70821609799532e-05,0.523563187763557,4.27054030751606e-05,0,0
-1.57079161893375,3.1385743568535e-06,0.523592236903369,7.84643611950742e-06,0,0
-1.57079626467839,4.14106580137741e-08,0.523598689326718,1.03526645034435e-07,0,0
-1.57079481726169,7.54767143007484e-07,0.523598876233422,7.54767143007484e-07,0,0
-1.57077447064557,1.09280751985352e-05,0.523600232675221,1.09280751985352e-05,0,0
-1.57070917413239,4.35763317909732e-05,0.5236045857759,4.35763317909732e-05,0,0
-1.57057375215982,0.000111287318077302,0.52361361390723,0.000111287318077302,0,0
-1.57034408664413,0.000226120075922154,0.523628924941448,0.000226120075922154,0,0
-1.56999710237778,0.000399612209093902,0.523652057225945,0.000399612209093902,0,0
-1.56951075251436,0.000642787140805012,0.523684480549889,0.000642787140805012,0,0
-1.56886400403073,0.000966161382621067,0.523727597115283,0.000966161382621067,0,0
-1.56803682309874,0.00137975184861716,0.523782742511258,0.00137975184861716,0,0
-1.56701016059833,0.00189308309882108,0.523851186678002,0.00189308309882108,0,0
-1.56576593754926,0.00251519462335636,0.523934134880705,0.00251519462335636,0,0
-1.56428703055326,0.00325464812135579,0.524032728681249,0.00325464812135579,0,0
-1.56255725720757,0.00411953479419935,0.524148046903946,0.00411953479419935,0,0
-1.56056136158077,0.00511748260760214,0.524281106612705,0.00511748260760214,0,0
-1.55828499967902,0.00625566355847695,0.52443286407231,0.00625566355847695,0,0
-1.55571472486417,0.0075408009658986,0.52460421572664,0.0075408009658986,0,0
-1.55283797328457,0.0089791767557017,0.524795999166031,0.0089791767557017,0,0
-1.54964304932355,0.010576638736211,0.525008994096765,0.010576638736211,0,0
-1.54611911109578,0.0123386078500971,0.525243923311592,0.0123386078500971,0,0
-1.54225615582391,0.0142700854860323,0.525501453663082,0.0142700854860323,0,0
-1.53804500534716,0.0163756607244068,0.525782197028661,0.0163756607244068,0,0
-1.53347729149345,0.0186595176512583,0.526086711285387,0.0186595176512583,0,0
-1.52854544161164,0.0211254425921652,0.52641550127754,0.0211254425921652,0,0
-1.52324266392043,0.0237768314377718,0.526769019789924,0.0237768314377718,0,0
-1.51756293304652,0.0266166968747257,0.527147668514772,0.0266166968747257,0,0
-1.51150097541813,0.0296476756889206,0.527551799023456,0.0296476756889206,0,0
-1.50505225470215,0.0328720360469106,0.527981713737631,0.0328720360469106,0,0
-1.49821295727725,0.0362916847593624,0.52843766689972,0.0362916847593624,0,0
-1.4909799776874,0.0399081745542844,0.528919865538597,0.0399081745542844,0,0
-1.48335090402861,0.0437227113836798,0.529428470449261,0.0437227113836798,0,0
-1.4753240034679,0.0477361616640337,0.529963597153255,0.0477361616640337,0,0
-1.46689820764868,0.0519490595736443,0.530525316874247,0.0519490595736443,0,0
-1.45807309811607,0.0563616143399486,0.531113657510019,0.0563616143399486,0,0
-1.44884889183777,0.0609737174791007,0.531728604594889,0.0609737174791007,0,0
-1.43922642655389,0.0657849501210421,0.532370102281362,0.0657849501210421,0,0
-1.4292071462919,0.0707945902520351,0.533038054298714,0.0707945902520351,0,0
-1.41879308677608,0.0760016200099471,0.533732324933169,0.0760016200099471,0,0
-1.40798686089556,0.0814047329502046,0.534452739991849,0.0814047329502046,0,0
-1.39679164413292,0.0870023413315266,0.535199087775482,0.0870023413315266,0,0
-1.38521116002858,0.092792583383698,0.535971120049737,0.092792583383698,0,0
-1.37324966556571,0.0987733306151313,0.536768553013331,0.0987733306151313,0,0
-1.36091193674929,0.104942195023341,0.537591068267631,0.104942195023341,0,0
-1.34820325388728,0.111296536454347,0.538438313792028,0.111296536454347,0,0
-1.33512938713056,0.117833469832703,0.539309904909459,0.117833469832703,0,0
-1.32169658192834,0.124549872433818,0.54020542525646,0.124549872433818,0,0
-1.30791154442477,0.131442391185601,0.54112442775579,0.131442391185601,0,0
-1.2937814269344,0.138507449930785,0.542066435589277,0.138507449930785,0,0
-1.27931381337203,0.145741256711972,0.543030943160261,0.145741256711972,0,0
-1.26451670469396,0.153139811051005,0.544017417071615,0.153139811051005,0,0
-1.24939850437568,0.160698911210147,0.545025297092593,0.160698911210147,0,0
-1.23396800384671,0.16841416147463,0.546053997127956,0.16841416147463,0,0
-1.21823436788191,0.176280979457033,0.547102906192919,0.176280979457033,0,0
-1.2022071201136,0.184294603341186,0.548171389376847,0.184294603341186,0,0
-1.1858961284629,0.192450099166535,0.549258788820623,0.192450099166535,0,0
-1.16931159056412,0.200742368115925,0.550364424680083,0.200742368115925,0,0
-1.15246401920876,0.209166153793603,0.551487596103925,0.209166153793603,0,0
-1.13536422783091,0.217716049482533,0.55262758219601,0.217716049482533,0,0
-1.11802331589342,0.226386505451273,0.553783642992187,0.226386505451273,0,0
-1.10045265437884,0.235171836208565,0.554955020425837,0.235171836208565,0,0
-1.08266387123967,0.244066227778148,0.55614093930194,0.244066227778148,0,0
-1.06466883678604,0.253063745004965,0.557340608265463,0.253063745004965,0,0
-1.04647964919332,0.262158338801328,0.558553220771785,0.262158338801328,0,0
-1.02810861992475,0.27134385343561,0.559777956056109,0.27134385343561,0,0
-1.00956825915,0.280614033822985,0.561013980107418,0.280614033822985,0,0
-0.990871261251414,0.289962532772279,0.562260446634355,0.289962532772279,0,0
-0.972030490216639,0.299382918289666,0.563516498037416,0.299382918289666,0,0
-0.953058965077616,0.308868680859177,0.564781266379327,0.308868680859177,0,0
-0.933969845408683,0.318413240693644,0.566053874356953,0.318413240693644,0,0
-0.914776416757377,0.328009955019297,0.567333436267802,0.328009955019297,0,0
-0.89549207600794,0.337652125394015,0.568619058983586,0.337652125394015,0,0
-0.876130316985837,0.347333004905067,0.569909842919117,0.347333004905067,0,0
-0.856704715713931,0.35704580554102,0.571204883003645,0.35704580554102,0,0
-0.837228916027016,0.366783705384478,0.572503269649644,0.366783705384478,0,0
-0.817716614909841,0.376539855943065,0.573804089724092,0.376539855943065,0,0
-0.798181547985223,0.386307389405374,0.575106427519131,0.386307389405374,0,0
-0.778637474953939,0.396079425921016,0.57640936572102,0.396079425921016,0,0
-0.759098165023715,0.405849080886128,0.577711986383008,0.405849080886128,0,0
-0.739577382380048,0.415609472207962,0.579013371892813,0.415609472207962,0,0
-0.720088871623375,0.425353727586298,0.580312605943448,0.425353727586298,0,0
-0.700646343188964,0.435074991803504,0.581608774505355,0.435074991803504,0,0
-0.681263458843205,0.444766433976383,0.58290096679508,0.444766433976383,0,0
-0.661953817050744,0.454421254872614,0.584188276247573,0.454421254872614,0,0
-0.642730938538079,0.464032694128946,0.585469801482134,0.464032694128946,0,0
-0.623608251610676,0.473594037592648,0.586744647277442,0.473594037592648,0,0
-0.604599077677449,0.483098624559261,0.58801192553932,0.483098624559261,0,0
-0.585716616686113,0.492539855054929,0.589270756272242,0.492539855054929,0,0
-0.566973932508517,0.501911197143727,0.59052026855062,0.501911197143727,0,0
-0.548383938516963,0.511206194139504,0.591759601483602,0.511206194139504,0,0
-0.529959382860397,0.520418471967787,0.592987905193809,0.520418471967787,0,0
-0.511712834063474,0.529541746366249,0.594204341780312,0.529541746366249,0,0
-0.493656666368224,0.538569830213874,0.595408086293389,0.538569830213874,0,0
-0.475803045215798,0.547496640790087,0.596598327703418,0.547496640790087,0,0
-0.458163912725468,0.556316207035252,0.59777426986966,0.556316207035252,0,0
-0.440750973066315,0.565022676864828,0.598935132513361,0.565022676864828,0,0
-0.423575677955341,0.573610324420315,0.600080152187047,0.573610324420315,0,0
-0.406649212115553,0.582073557340209,0.601208583244102,0.582073557340209,0,0
-0.389982478641286,0.590406924077342,0.602319698808287,0.590406924077342,0,0
-0.373586084547242,0.598605121124365,0.60341279174861,0.598605121124365,0,0
-0.357470326141993,0.606663000326989,0.60448717564185,0.606663000326989,0,0
-0.341645174521545,0.614575576137213,0.605542185750039,0.614575576137213,0,0
-0.326120260947391,0.62233803292429,0.606577179988733,0.62233803292429,0,0
-0.3109048623337,0.629945732231135,0.607591539895736,0.629945732231135,0,0
-0.296007886757252,0.63739422001936,0.608584671601477,0.63739422001936,0,0
-0.281437858748177,0.644679234023897,0.60955600680137,0.644679234023897,0,0
-0.267202904899932,0.65179671094802,0.610505003724199,0.65179671094802,0,0
-0.253310739196422,0.658742793799775,0.611431148104828,0.658742793799775,0,0
-0.239768648499194,0.665513839148389,0.612333954151438,0.665513839148389,0,0
-0.226583478027351,0.672106424382491,0.61321296551688,0.672106424382491,0,0
-0.213761616720149,0.67851735503973,0.614067756270231,0.67851735503973,0,0
-0.201308982780574,0.684743672009517,0.614897931865812,0.684743672009517,0,0
-0.189231009033392,0.690782658879471,0.615703130115946,0.690782658879471,0,0
-0.177532628438712,0.696631849176811,0.616483022155819,0.696631849176811,0,0
-0.1662182594564,0.702289033667967,0.617237313420787,0.702289033667967,0,0
-0.15529179161058,0.707752267590877,0.617965744610444,0.707752267590877,0,0
-0.144756570820391,0.713019877989609,0.618668092663086,0.713019877989609,0,0
-0.134615384888093,0.71809047095212,0.619344171725231,0.71809047095212,0,0
-0.124870448987167,0.722962938906221,0.619993834118191,0.722962938906221,0,0
-0.115523391028546,0.727636467881894,0.62061697131611,0.727636467881894,0,0
-0.106575237147808,0.732110544822262,0.621213514908959,0.732110544822262,0,0
-0.0980263971659951,0.736384964813169,0.621783437572901,0.736384964813169,0,0
-0.0898766500158672,0.740459838388233,0.622326754050562,0.740459838388233,0,0
-0.082125129164524,0.744335598817543,0.62284352210736,0.744335598817543,0,0
-0.0747703080905922,0.748013009350871,0.623333843511091,0.748013009350871,0,0
-0.0678099857750567,0.751493170508638,0.623797864999517,0.751493170508638,0,0
-0.061241271990184,0.754777527404713,0.624235779252388,0.754777527404713,0,0
-0.0550605728976734,0.75786787694733,0.624647825857721,0.75786787694733,0,0
-0.0492635765176601,0.760766375140975,0.625034292284056,0.760766375140975,0,0
-0.043845237944879,0.763475544427365,0.6253955148552,0.763475544427365,0,0
-0.038799765064141,0.765998280864096,0.625731879714408,0.765998280864096,0,0
-0.0341206038738164,0.768337861462896,0.626043823793793,0.768337861462896,0,0
-0.029800423886627,0.770497951456491,0.626331835792143,0.770497951456491,0,0
-0.0258311036286614,0.772482611585474,0.626596457143478,0.772482611585474,0,0
-0.0222037161502158,0.774296305321059,0.626838282973949,0.774296305321059,0,0
-0.0189085143229022,0.775943906234716,0.627057963095581,0.775943906234716,0,0
-0.0159349164032392,0.777430705194547,0.627256202957255,0.777430705194547,0,0
-0.0132714914670942,0.77876241766262,0.627433764620378,0.77876241766262,0,0
-0.0109059447586333,0.779945191020488,0.627591467735215,0.779945191020488,0,0
-0.00882510321935115,0.780985611786491,0.62773019050303,0.780985611786491,0,0
-0.00701490099163493,0.781890712900349,0.627850870651628,0.781890712900349,0,0
-0.00546036469495448,0.782667981052327,0.627954506405899,0.782667981052327,0,0
-0.00414559902128531,0.783325363885524,0.628042157449954,0.783325363885524,0,0
-0.00305377211952873,0.78387127734004,0.628114945909374,0.78387127734004,0,0
-0.00216710101267381,0.784314612893468,0.628174057316755,0.784314612893468,0,0
-0.00146683713319362,0.784664744833208,0.628220741575888,0.784664744833208,0,0
-0.000933251672904589,0.784931537563352,0.628256313939005,0.784931537563352,0,0
-0.000545621078344993,0.785125352856994,0.628282155978923,0.785125352856994,0,0
-0.000282212511592661,0.78525705714037,0.628299716551624,0.78525705714037,0,0
-0.000120269194667344,0.785338028802471,0.628310512772032,0.785338028802471,0,0
-3.59960140485782e-05,0.78538016539278,0.628316130984444,0.78538016539278,0,0
-4.5448359742295e-06,0.78539589097818,0.628318227729551,0.78539589097818,0,0
3.63797880709171e-12,0.785398163397986,0.628318530717934,0.785398163397986,0,0
